{
 "kse1": 4.984586509234631,
 "kse2": 0.31574234081889396
}